2,'Male'
3,'Female'
4,'Male'
5,'Female'
6,'Female'
7,'Male'
8,'Male'
9,'Male'
10,'Female'
11,'Female'
12,'Female'
13,'Female'
14,'Female'
15,'Female'
16,'Female'
17,'Female'
18,'Female'
19,'Male'
20,'Male'
21,'Female'
22,'Female'
23,'Male'
24,'Male'
25,'Female'
26,'Female'
27,'Female'
28,'Male'
29,'Male'
30,'Female'
31,'Female'
32,'Female'
33,'Male'
34,'Female'
35,'Male'
36,'Female'
37,'Male'
38,'Female'
39,'Female'
40,'Male'
41,'Male'
42,'Female'
43,'Female'
44,'Male'
45,'Female'
46,'Male'
47,'Female'
48,'Male'
49,'Female'
50,'Female'
51,'Female'
52,'Male'
53,'Female'
54,'Female'
55,'Female'
56,'Male'
57,'Female'
58,'Female'
59,'Female'
60,'Male'
61,'Male'
62,'Male'
63,'Male'
64,'Male'
65,'Female'
66,'Female'
67,'Male'
68,'Female'
69,'Female'
70,'Female'
71,'Female'
72,'Female'
73,'Female'
74,'Male'
75,'Female'
76,'Female'
77,'Female'
78,'Female'
79,'Female'
80,'Female'
81,'Male'
82,'Female'
83,'Male'
84,'Female'
85,'Male'
86,'Female'
87,'Female'
88,'Male'
89,'Male'
90,'Male'
91,'Female'
92,'Female'
93,'Male'
94,'Female'
95,'Female'
96,'Male'
97,'Female'
98,'Male'
99,'Male'
100,'Male'
101,'Male'
102,'Female'
103,'Male'
104,'Female'
105,'Male'
106,'Male'
107,'Female'
108,'Male'
109,'Male'
110,'Female'
111,'Female'
112,'Female'
113,'Female'
114,'Male'
115,'Female'
116,'Female'
117,'Female'
118,'Female'
119,'Male'
120,'Male'
121,'Female'
122,'Male'
123,'Male'
124,'Female'
125,'Female'
126,'Male'
127,'Female'
128,'Female'
129,'Female'
130,'Male'
131,'Male'
132,'Female'
133,'Male'
134,'Female'
135,'Female'
136,'Female'
137,'Female'
138,'Female'
139,'Female'
140,'Female'
141,'Female'
142,'Female'
143,'Male'
144,'Male'
145,'Female'
146,'Female'
147,'Male'
148,'Female'
149,'Female'
150,'Female'
151,'Male'
152,'Male'
153,'Female'
154,'Male'
155,'Male'
156,'Male'
157,'Male'
158,'Male'
159,'Male'
160,'Female'
161,'Male'
162,'Male'
163,'Female'
164,'Female'
165,'Female'
166,'Female'
167,'Female'
168,'Male'
169,'Male'
170,'Male'
171,'Female'
172,'Male'
173,'Male'
174,'Male'
175,'Male'
176,'Female'
177,'Male'
178,'Male'
179,'Male'
180,'Female'
181,'Male'
182,'Male'
183,'Male'
184,'Male'
185,'Female'
186,'Female'
187,'Male'
188,'Male'
189,'Male'
190,'Female'
191,'Male'
192,'Male'
193,'Female'
194,'Male'
195,'Male'
196,'Male'
197,'Male'
198,'Female'
199,'Male'
200,'Female'
201,'Male'
202,'Female'
203,'Female'
204,'Female'
205,'Female'
206,'Female'
207,'Male'
208,'Male'
209,'Female'
210,'Female'
211,'Male'
212,'Male'
213,'Male'
214,'Male'
215,'Male'
216,'Female'
217,'Male'
218,'Female'
219,'Female'
220,'Male'
221,'Male'
222,'Male'
223,'Female'
224,'Female'
225,'Male'
226,'Male'
227,'Female'
228,'Female'
229,'Female'
230,'Female'
231,'Female'
232,'Female'
233,'Male'
234,'Male'
235,'Male'
236,'Female'
237,'Female'
238,'Male'
239,'Male'
240,'Female'
241,'Female'
242,'Male'
243,'Female'
244,'Male'
245,'Female'
246,'Female'
247,'Male'
248,'Female'
249,'Male'
250,'Male'
251,'Male'
252,'Male'
253,'Female'
254,'Female'
255,'Male'
256,'Female'
257,'Male'
258,'Male'
259,'Male'
260,'Male'
261,'Female'
262,'Female'
263,'Female'
264,'Female'
265,'Male'
266,'Male'
267,'Male'
268,'Male'
269,'Male'
270,'Female'
271,'Female'
272,'Male'
273,'Female'
274,'Male'
275,'Male'
276,'Female'
277,'Male'
278,'Male'
279,'Male'
280,'Female'
281,'Female'
282,'Male'
283,'Male'
284,'Male'
285,'Female'
286,'Male'
287,'Female'
288,'Female'
289,'Male'
290,'Male'
291,'Male'
292,'Female'
293,'Male'
294,'Female'
295,'Female'
296,'Female'
297,'Male'
298,'Male'
299,'Male'
300,'Female'
301,'Female'
302,'Male'
303,'Male'
304,'Female'
305,'Female'
306,'Male'
307,'Female'
308,'Male'
309,'Male'
310,'Male'
311,'Female'
312,'Female'
313,'Female'
314,'Female'
315,'Male'
316,'Female'
317,'Female'
318,'Male'
319,'Female'
320,'Male'
321,'Male'
322,'Male'
323,'Male'
324,'Female'
325,'Female'
326,'Male'
327,'Female'
328,'Female'
329,'Male'
330,'Male'
331,'Female'
332,'Female'
333,'Female'
334,'Female'
335,'Female'
336,'Female'
337,'Female'
338,'Female'
339,'Female'
340,'Male'
341,'Male'
342,'Female'
343,'Female'
344,'Male'
345,'Male'
346,'Male'
347,'Female'
348,'Female'
349,'Female'
350,'Male'
351,'Female'
352,'Male'
353,'Male'
354,'Female'
355,'Male'
356,'Female'
357,'Female'
358,'Male'
359,'Female'
360,'Female'
361,'Male'
362,'Male'
363,'Female'
364,'Female'
365,'Male'
366,'Female'
367,'Female'
368,'Male'
369,'Female'
370,'Female'
371,'Male'
372,'Female'
373,'Female'
374,'Female'
375,'Male'
376,'Female'
377,'Female'
378,'Male'
379,'Female'
380,'Female'
381,'Male'
382,'Male'
383,'Male'
384,'Female'
385,'Male'
386,'Female'
387,'Male'
388,'Male'
389,'Female'
390,'Male'
391,'Male'
392,'Female'
393,'Male'
394,'Male'
395,'Female'
396,'Male'
397,'Female'
398,'Female'
399,'Male'
400,'Male'
401,'Female'
402,'Female'
403,'Female'
404,'Female'
405,'Male'
406,'Female'
407,'Male'
408,'Male'
409,'Female'
410,'Male'
411,'Male'
412,'Female'
413,'Male'
414,'Female'
415,'Male'
416,'Male'
417,'Female'
418,'Male'
419,'Female'
420,'Male'
421,'Male'
422,'Female'
423,'Male'
424,'Female'
425,'Male'
426,'Male'
427,'Male'
428,'Female'
429,'Female'
430,'Female'
431,'Male'
432,'Male'
433,'Female'
434,'Female'
435,'Female'
436,'Male'
437,'Male'
438,'Male'
439,'Male'
440,'Female'
441,'Female'
442,'Male'
443,'Female'
444,'Female'
445,'Female'
446,'Female'
447,'Female'
448,'Male'
449,'Female'
450,'Male'
451,'Female'
452,'Female'
453,'Male'
454,'Male'
455,'Female'
456,'Male'
457,'Male'
458,'Male'
459,'Male'
460,'Male'
461,'Female'
462,'Male'
463,'Male'
464,'Male'
465,'Female'
466,'Male'
467,'Female'
468,'Male'
469,'Male'
470,'Female'
471,'Female'
472,'Female'
473,'Male'
474,'Male'
475,'Male'
476,'Male'
477,'Male'
478,'Female'
479,'Male'
480,'Female'
481,'Male'
482,'Female'
483,'Female'
484,'Female'
485,'Female'
486,'Male'
487,'Male'
488,'Male'
489,'Female'
490,'Female'
491,'Male'
492,'Female'
493,'Female'
494,'Female'
495,'Male'
496,'Male'
497,'Male'
498,'Male'
499,'Male'
500,'Male'
501,'Male'
502,'Female'
503,'Male'
504,'Female'
505,'Female'
506,'Female'
507,'Male'
508,'Male'
509,'Female'
510,'Female'
511,'Female'
512,'Female'
513,'Female'
514,'Female'
515,'Male'
516,'Female'
517,'Male'
518,'Female'
519,'Female'
520,'Female'
521,'Female'
522,'Male'
523,'Male'
524,'Female'
525,'Female'
526,'Male'
527,'Male'
528,'Female'
529,'Female'
530,'Female'
531,'Male'
532,'Female'
533,'Female'
534,'Male'
535,'Female'
536,'Male'
537,'Male'
538,'Male'
539,'Female'
540,'Male'
541,'Male'
542,'Male'
543,'Female'
544,'Male'
545,'Male'
546,'Female'
547,'Male'
548,'Male'
549,'Male'
550,'Female'
551,'Female'
552,'Female'
553,'Male'
554,'Female'
555,'Male'
556,'Female'
557,'Male'
558,'Female'
559,'Male'
560,'Male'
561,'Male'
562,'Male'
563,'Female'
564,'Male'
565,'Female'
566,'Female'
567,'Male'
568,'Male'
569,'Female'
570,'Female'
571,'Male'
572,'Male'
573,'Male'
574,'Female'
575,'Male'
576,'Male'
577,'Male'
578,'Female'
579,'Female'
580,'Female'
581,'Female'
582,'Female'
583,'Female'
584,'Male'
585,'Female'
586,'Male'
587,'Male'
588,'Male'
589,'Male'
590,'Male'
591,'Female'
592,'Female'
593,'Female'
594,'Female'
595,'Female'
596,'Male'
597,'Female'
598,'Male'
599,'Female'
600,'Male'
601,'Male'
602,'Female'
603,'Male'
604,'Male'
605,'Male'
606,'Female'
607,'Female'
608,'Female'
609,'Male'
610,'Male'
611,'Male'
612,'Male'
613,'Male'
614,'Male'
615,'Female'
616,'Male'
617,'Female'
618,'Male'
619,'Male'
620,'Female'
621,'Female'
622,'Female'
623,'Male'
624,'Female'
625,'Male'
626,'Female'
627,'Male'
628,'Male'
629,'Male'
630,'Female'
631,'Female'
632,'Female'
633,'Female'
634,'Female'
635,'Female'
636,'Female'
637,'Male'
638,'Female'
639,'Male'
640,'Female'
641,'Female'
642,'Male'
643,'Male'
644,'Male'
645,'Female'
646,'Female'
647,'Male'
648,'Female'
649,'Female'
650,'Female'
651,'Female'
652,'Female'
653,'Male'
654,'Female'
655,'Female'
656,'Female'
657,'Male'
658,'Male'
659,'Female'
660,'Female'
661,'Male'
662,'Male'
663,'Female'
664,'Female'
665,'Male'
666,'Male'
667,'Male'
668,'Male'
669,'Male'
670,'Male'
671,'Male'
672,'Male'
673,'Female'
674,'Male'
675,'Female'
676,'Female'
677,'Female'
678,'Male'
679,'Female'
680,'Male'
681,'Male'
682,'Female'
683,'Female'
684,'Female'
685,'Male'
686,'Female'
687,'Male'
688,'Male'
689,'Female'
690,'Female'
691,'Female'
692,'Female'
693,'Female'
694,'Female'
695,'Female'
696,'Female'
697,'Male'
698,'Female'
699,'Male'
700,'Male'
701,'Female'
702,'Female'
703,'Male'
704,'Female'
705,'Female'
706,'Female'
707,'Male'
708,'Male'
709,'Female'
710,'Male'
711,'Male'
712,'Female'
713,'Male'
714,'Male'
715,'Female'
716,'Male'
717,'Female'
718,'Male'
719,'Female'
720,'Female'
721,'Female'
722,'Female'
723,'Female'
724,'Male'
725,'Female'
726,'Female'
727,'Female'
728,'Female'
729,'Male'
730,'Female'
731,'Female'
732,'Female'
733,'Female'
734,'Male'
735,'Male'
736,'Male'
737,'Male'
738,'Male'
739,'Female'
740,'Male'
741,'Female'
742,'Male'
743,'Male'
744,'Male'
745,'Male'
746,'Male'
747,'Female'
748,'Female'
749,'Male'
750,'Male'
751,'Male'
752,'Male'
753,'Male'
754,'Female'
755,'Male'
756,'Male'
757,'Male'
758,'Male'
759,'Female'
760,'Male'
761,'Male'
762,'Male'
763,'Male'
764,'Female'
765,'Female'
766,'Male'
767,'Female'
768,'Female'
769,'Female'
770,'Female'
771,'Female'
772,'Male'
773,'Female'
774,'Male'
775,'Female'
776,'Female'
777,'Female'
778,'Male'
779,'Female'
780,'Male'
781,'Male'
782,'Female'
783,'Female'
784,'Female'
785,'Female'
786,'Male'
787,'Male'
788,'Male'
789,'Female'
790,'Female'
791,'Female'
792,'Female'
793,'Female'
794,'Female'
795,'Female'
796,'Female'
797,'Male'
798,'Male'
799,'Female'
800,'Female'
801,'Female'
802,'Female'
803,'Female'
804,'Male'
805,'Female'
806,'Male'
807,'Female'
808,'Female'
809,'Female'
810,'Male'
811,'Female'
812,'Male'
813,'Female'
814,'Male'
815,'Female'
816,'Female'
817,'Female'
818,'Female'
819,'Male'
820,'Male'
821,'Male'
822,'Female'
823,'Male'
824,'Female'
825,'Female'
826,'Male'
827,'Female'
828,'Male'
829,'Male'
830,'Female'
831,'Male'
832,'Male'
833,'Male'
834,'Female'
835,'Female'
836,'Female'
837,'Male'
838,'Female'
839,'Male'
840,'Female'
841,'Female'
842,'Female'
843,'Male'
844,'Female'
845,'Male'
846,'Female'
847,'Male'
848,'Female'
849,'Male'
850,'Male'
851,'Male'
852,'Male'
853,'Male'
854,'Male'
855,'Male'
856,'Female'
857,'Male'
858,'Female'
859,'Male'
860,'Male'
861,'Female'
862,'Female'
863,'Female'
864,'Male'
865,'Male'
866,'Male'
867,'Female'
868,'Female'
869,'Female'
870,'Male'
871,'Female'
872,'Female'
873,'Female'
874,'Male'
875,'Female'
876,'Female'
877,'Female'
878,'Female'
879,'Male'
880,'Male'
881,'Male'
882,'Male'
883,'Female'
884,'Male'
885,'Male'
886,'Male'
887,'Male'
888,'Male'
889,'Male'
890,'Female'
891,'Male'
892,'Male'
893,'Female'
894,'Female'
895,'Female'
896,'Female'
897,'Female'
898,'Male'
899,'Female'
900,'Female'
901,'Female'
902,'Male'
903,'Female'
904,'Female'
905,'Female'
906,'Male'
907,'Female'
908,'Male'
909,'Female'
910,'Male'
911,'Female'
912,'Female'
913,'Male'
914,'Female'
915,'Male'
916,'Male'
917,'Male'
918,'Male'
919,'Female'
920,'Female'
921,'Female'
922,'Male'
923,'Female'
924,'Female'
925,'Female'
926,'Male'
927,'Male'
928,'Male'
929,'Female'
930,'Female'
931,'Male'
932,'Male'
933,'Male'
934,'Male'
935,'Female'
936,'Female'
937,'Female'
938,'Male'
939,'Male'
940,'Female'
941,'Female'
942,'Male'
943,'Male'
944,'Female'
945,'Male'
946,'Male'
947,'Male'
948,'Male'
949,'Male'
950,'Female'
951,'Female'
952,'Male'
953,'Male'
954,'Male'
955,'Male'
956,'Male'
957,'Male'
958,'Male'
959,'Male'
960,'Female'
961,'Male'
962,'Female'
963,'Male'
964,'Male'
965,'Female'
966,'Male'
967,'Female'
968,'Male'
969,'Female'
970,'Female'
971,'Female'
972,'Female'
973,'Female'
974,'Female'
975,'Male'
976,'Male'
977,'Female'
978,'Female'
979,'Female'
980,'Female'
981,'Female'
982,'Female'
983,'Male'
984,'Female'
985,'Male'
986,'Male'
987,'Female'
988,'Female'
989,'Female'
990,'Female'
991,'Male'
992,'Male'
993,'Male'
994,'Male'
995,'Male'
996,'Female'
997,'Female'
998,'Male'
999,'Male'
1000,'Male'
1001,'Female'
1002,'Female'
1003,'Female'
1004,'Male'
1005,'Male'
1006,'Male'
1007,'Female'
1008,'Female'
1009,'Female'
1010,'Female'
1011,'Female'
1012,'Male'
1013,'Female'
1014,'Female'
1015,'Male'
1016,'Female'
1017,'Male'
1018,'Female'
1019,'Male'
1020,'Male'
1021,'Female'
1022,'Female'
1023,'Male'
1024,'Male'
1025,'Female'
1026,'Female'
1027,'Female'
1028,'Male'
1029,'Female'
1030,'Male'
1031,'Male'
1032,'Male'
1033,'Female'
1034,'Female'
1035,'Female'
1036,'Male'
1037,'Female'
1038,'Female'
1039,'Male'
1040,'Female'
1041,'Male'
1042,'Male'
1043,'Male'
1044,'Female'
1045,'Male'
1046,'Male'
1047,'Male'
1048,'Female'
1049,'Female'
1050,'Female'
1051,'Female'
1052,'Female'
1053,'Female'
1054,'Female'
1055,'Male'
1056,'Male'
1057,'Male'
1058,'Female'
1059,'Female'
1060,'Female'
1061,'Female'
1062,'Male'
1063,'Male'
1064,'Male'
1065,'Male'
1066,'Female'
1067,'Female'
1068,'Female'
1069,'Female'
1070,'Female'
1071,'Male'
1072,'Male'
1073,'Female'
1074,'Male'
1075,'Male'
1076,'Female'
1077,'Female'
1078,'Male'
1079,'Male'
1080,'Male'
1081,'Male'
1082,'Female'
1083,'Male'
1084,'Female'
1085,'Male'
1086,'Male'
1087,'Male'
1088,'Male'
1089,'Female'
1090,'Female'
1091,'Female'
1092,'Male'
1093,'Female'
1094,'Female'
1095,'Male'
1096,'Female'
1097,'Male'
1098,'Male'
1099,'Male'
1100,'Female'
1101,'Female'
1102,'Female'
1103,'Female'
1104,'Female'
1105,'Female'
1106,'Male'
1107,'Male'
1108,'Female'
1109,'Male'
1110,'Male'
1111,'Female'
1112,'Female'
1113,'Female'
1114,'Female'
1115,'Male'
1116,'Male'
1117,'Female'
1118,'Female'
1119,'Female'
1120,'Female'
1121,'Male'
1122,'Male'
1123,'Female'
1124,'Male'
1125,'Female'
1126,'Female'
1127,'Male'
1128,'Female'
1129,'Male'
1130,'Female'
1131,'Female'
1132,'Male'
1133,'Male'
1134,'Male'
1135,'Female'
1136,'Female'
1137,'Male'
1138,'Female'
1139,'Female'
1140,'Female'
1141,'Female'
1142,'Female'
1143,'Male'
1144,'Male'
1145,'Male'
1146,'Male'
1147,'Female'
1148,'Female'
1149,'Female'
1150,'Female'
1151,'Female'
1152,'Male'
1153,'Male'
1154,'Male'
1155,'Male'
1156,'Female'
1157,'Male'
1158,'Male'
1159,'Male'
1160,'Female'
1161,'Male'
1162,'Female'
1163,'Female'
1164,'Male'
1165,'Female'
1166,'Male'
1167,'Female'
1168,'Male'
1169,'Female'
1170,'Male'
1171,'Female'
1172,'Male'
1173,'Male'
1174,'Female'
1175,'Male'
1176,'Male'
1177,'Male'
1178,'Male'
1179,'Male'
1180,'Male'
1181,'Female'
1182,'Male'
1183,'Female'
1184,'Male'
1185,'Female'
1186,'Female'
1187,'Male'
1188,'Female'
1189,'Male'
1190,'Female'
1191,'Female'
1192,'Female'
1193,'Male'
1194,'Female'
1195,'Male'
1196,'Male'
1197,'Female'
1198,'Female'
1199,'Female'
1200,'Male'
1201,'Male'
1202,'Female'
1203,'Male'
1204,'Female'
1205,'Female'
1206,'Male'
1207,'Male'
1208,'Female'
1209,'Male'
1210,'Female'
1211,'Male'
1212,'Female'
1213,'Female'
1214,'Male'
1215,'Female'
1216,'Female'
1217,'Male'
1218,'Female'
1219,'Male'
1220,'Female'
1221,'Female'
1222,'Male'
1223,'Female'
1224,'Female'
1225,'Male'
1226,'Female'
1227,'Male'
1228,'Male'
1229,'Male'
1230,'Female'
1231,'Female'
1232,'Male'
1233,'Female'
1234,'Female'
1235,'Male'
1236,'Female'
1237,'Male'
1238,'Male'
1239,'Female'
1240,'Female'
1241,'Female'
1242,'Female'
1243,'Male'
1244,'Female'
1245,'Female'
1246,'Male'
1247,'Male'
1248,'Female'
1249,'Male'
1250,'Male'
1251,'Male'
1252,'Male'
1253,'Female'
1254,'Female'
1255,'Female'
1256,'Female'
1257,'Female'
1258,'Female'
1259,'Female'
1260,'Female'
1261,'Female'
1262,'Male'
1263,'Female'
1264,'Female'
1265,'Female'
1266,'Female'
1267,'Male'
1268,'Male'
1269,'Male'
1270,'Female'
1271,'Female'
1272,'Male'
1273,'Female'
1274,'Male'
1275,'Female'
1276,'Female'
1277,'Female'
1278,'Male'
1279,'Female'
1280,'Male'
1281,'Male'
1282,'Female'
1283,'Male'
1284,'Female'
1285,'Male'
1286,'Female'
1287,'Male'
1288,'Male'
1289,'Male'
1290,'Male'
1291,'Female'
1292,'Male'
1293,'Female'
1294,'Female'
1295,'Female'
1296,'Male'
1297,'Female'
1298,'Female'
1299,'Female'
1300,'Male'
1301,'Female'
1302,'Male'
1303,'Male'
1304,'Male'
1305,'Male'
1306,'Female'
1307,'Female'
1308,'Female'
1309,'Male'
1310,'Female'
1311,'Male'
1312,'Male'
1313,'Male'
1314,'Male'
1315,'Female'
1316,'Male'
1317,'Male'
1318,'Female'
1319,'Female'
1320,'Male'
1321,'Female'
1322,'Male'
1323,'Male'
1324,'Male'
1325,'Female'
1326,'Male'
1327,'Male'
1328,'Female'
1329,'Female'
1330,'Female'
1331,'Female'
1332,'Female'
1333,'Male'
1334,'Male'
1335,'Male'
1336,'Male'
1337,'Female'
1338,'Female'
1339,'Female'
1340,'Female'
1341,'Female'
1342,'Male'
1343,'Female'
1344,'Female'
1345,'Female'
1346,'Female'
1347,'Female'
1348,'Female'
1349,'Female'
1350,'Female'
1351,'Female'
1352,'Female'
1353,'Male'
1354,'Female'
1355,'Female'
1356,'Male'
1357,'Female'
1358,'Female'
1359,'Female'
1360,'Female'
1361,'Female'
1362,'Male'
1363,'Male'
1364,'Male'
1365,'Male'
1366,'Male'
1367,'Female'
1368,'Female'
1369,'Male'
1370,'Male'
1371,'Male'
1372,'Female'
1373,'Male'
1374,'Male'
1375,'Male'
1376,'Female'
1377,'Female'
1378,'Female'
1379,'Female'
1380,'Male'
1381,'Female'
1382,'Female'
1383,'Female'
1384,'Female'
1385,'Male'
1386,'Female'
1387,'Male'
1388,'Male'
1389,'Female'
1390,'Male'
1391,'Male'
1392,'Female'
1393,'Male'
1394,'Female'
1395,'Female'
1396,'Female'
1397,'Male'
1398,'Male'
1399,'Male'
1400,'Female'
1401,'Male'
1402,'Male'
1403,'Male'
1404,'Male'
1405,'Female'
1406,'Female'
1407,'Female'
1408,'Male'
1409,'Male'
1410,'Female'
1411,'Female'
1412,'Female'
1413,'Female'
1414,'Female'
1415,'Female'
1416,'Male'
1417,'Male'
1418,'Female'
1419,'Female'
1420,'Male'
1421,'Female'
1422,'Male'
1423,'Male'
1424,'Male'
1425,'Male'
1426,'Male'
1427,'Male'
1428,'Male'
1429,'Male'
1430,'Female'
1431,'Female'
1432,'Female'
1433,'Female'
1434,'Male'
1435,'Male'
1436,'Female'
1437,'Male'
1438,'Female'
1439,'Female'
1440,'Female'
1441,'Male'
1442,'Female'
1443,'Female'
1444,'Male'
1445,'Female'
1446,'Male'
1447,'Female'
1448,'Female'
1449,'Male'
1450,'Male'
1451,'Female'
1452,'Female'
1453,'Male'
1454,'Male'
1455,'Female'
1456,'Female'
1457,'Female'
1458,'Male'
1459,'Male'
1460,'Female'
1461,'Male'
1462,'Female'
1463,'Male'
1464,'Female'
1465,'Male'
1466,'Male'
1467,'Male'
1468,'Female'
1469,'Male'
1470,'Male'
1471,'Female'
1472,'Female'
1473,'Female'
1474,'Female'
1475,'Female'
1476,'Female'
1477,'Female'
1478,'Female'
1479,'Female'
1480,'Female'
1481,'Female'
1482,'Female'
1483,'Male'
1484,'Male'
1485,'Male'
1486,'Male'
1487,'Male'
1488,'Female'
1489,'Female'
1490,'Female'
1491,'Female'
1492,'Female'
1493,'Male'
1494,'Male'
1495,'Female'
1496,'Male'
1497,'Female'
1498,'Female'
1499,'Male'
1500,'Female'
1501,'Female'
1502,'Male'
1503,'Female'
1504,'Female'
1505,'Male'
1506,'Male'
1507,'Female'
1508,'Male'
1509,'Female'
1510,'Female'
1511,'Male'
1512,'Female'
1513,'Female'
1514,'Female'
1515,'Male'
1516,'Male'
1517,'Female'
1518,'Male'
1519,'Female'
1520,'Female'
1521,'Female'
1522,'Female'
1523,'Male'
1524,'Female'
1525,'Female'
1526,'Female'
1527,'Male'
1528,'Female'
1529,'Male'
1530,'Male'
1531,'Female'
1532,'Female'
1533,'Male'
1534,'Male'
1535,'Female'
1536,'Male'
1537,'Female'
1538,'Female'
1539,'Female'
1540,'Female'
1541,'Male'
1542,'Male'
1543,'Male'
1544,'Female'
1545,'Male'
1546,'Male'
1547,'Male'
1548,'Male'
1549,'Male'
1550,'Female'
1551,'Male'
1552,'Male'
1553,'Female'
1554,'Male'
1555,'Female'
1556,'Male'
1557,'Female'
1558,'Female'
1559,'Female'
1560,'Male'
1561,'Male'
1562,'Male'
1563,'Male'
1564,'Female'
1565,'Female'
1566,'Female'
1567,'Male'
1568,'Female'
1569,'Female'
1570,'Female'
1571,'Female'
1572,'Male'
1573,'Male'
1574,'Male'
1575,'Female'
1576,'Female'
1577,'Female'
1578,'Female'
1579,'Female'
1580,'Female'
1581,'Female'
1582,'Male'
1583,'Male'
1584,'Female'
1585,'Male'
1586,'Male'
1587,'Female'
1588,'Male'
1589,'Male'
1590,'Female'
1591,'Male'
1592,'Male'
1593,'Male'
1594,'Male'
1595,'Female'
1596,'Female'
1597,'Female'
1598,'Female'
1599,'Female'
1600,'Male'
1601,'Female'
1602,'Male'
1603,'Female'
1604,'Female'
1605,'Female'
1606,'Female'
1607,'Male'
1608,'Male'
1609,'Female'
1610,'Female'
1611,'Male'
1612,'Male'
1613,'Female'
1614,'Female'
1615,'Male'
1616,'Female'
1617,'Male'
1618,'Male'
1619,'Male'
1620,'Male'
1621,'Male'
1622,'Female'
1623,'Male'
1624,'Male'
1625,'Female'
1626,'Male'
1627,'Female'
1628,'Female'
1629,'Female'
1630,'Female'
1631,'Female'
1632,'Male'
1633,'Female'
1634,'Male'
1635,'Female'
1636,'Male'
1637,'Male'
1638,'Female'
1639,'Female'
1640,'Female'
1641,'Female'
1642,'Male'
1643,'Female'
1644,'Female'
1645,'Female'
1646,'Male'
1647,'Male'
1648,'Female'
1649,'Female'
1650,'Male'
1651,'Male'
1652,'Female'
1653,'Female'
1654,'Female'
1655,'Male'
1656,'Female'
1657,'Female'
1658,'Female'
1659,'Female'
1660,'Female'
1661,'Female'
1662,'Male'
1663,'Female'
1664,'Male'
1665,'Male'
1666,'Female'
1667,'Female'
1668,'Male'
1669,'Male'
1670,'Female'
1671,'Male'
1672,'Male'
1673,'Male'
1674,'Male'
1675,'Male'
1676,'Male'
1677,'Female'
1678,'Male'
1679,'Female'
1680,'Male'
1681,'Male'
1682,'Male'
1683,'Male'
1684,'Female'
1685,'Male'
1686,'Female'
1687,'Male'
1688,'Male'
1689,'Female'
1690,'Male'
1691,'Female'
1692,'Female'
1693,'Female'
1694,'Male'
1695,'Female'
1696,'Female'
1697,'Female'
1698,'Male'
1699,'Female'
1700,'Male'
1701,'Female'
1702,'Female'
1703,'Female'
1704,'Female'
1705,'Female'
1706,'Male'
1707,'Male'
1708,'Female'
1709,'Female'
1710,'Male'
1711,'Male'
1712,'Female'
1713,'Male'
1714,'Male'
1715,'Male'
1716,'Female'
1717,'Female'
1718,'Female'
1719,'Male'
1720,'Female'
1721,'Female'
1722,'Female'
1723,'Male'
1724,'Male'
1725,'Female'
1726,'Male'
1727,'Female'
1728,'Female'
1729,'Male'
1730,'Female'
1731,'Female'
1732,'Male'
1733,'Male'
1734,'Male'
1735,'Male'
1736,'Female'
1737,'Male'
1738,'Female'
1739,'Male'
1740,'Male'
1741,'Female'
1742,'Male'
1743,'Male'
1744,'Female'
1745,'Male'
1746,'Male'
1747,'Male'
1748,'Female'
1749,'Female'
1750,'Male'
1751,'Male'
1752,'Female'
1753,'Female'
1754,'Female'
1755,'Female'
1756,'Female'
1757,'Female'
1758,'Female'
1759,'Female'
1760,'Male'
1761,'Male'
1762,'Male'
1763,'Female'
1764,'Female'
1765,'Female'
1766,'Male'
1767,'Male'
1768,'Male'
1769,'Female'
1770,'Male'
1771,'Male'
1772,'Male'
1773,'Male'
1774,'Female'
1775,'Male'
1776,'Female'
1777,'Male'
1778,'Male'
1779,'Female'
1780,'Female'
1781,'Female'
1782,'Male'
1783,'Female'
1784,'Female'
1785,'Male'
1786,'Female'
1787,'Male'
1788,'Female'
1789,'Male'
1790,'Male'
1791,'Male'
1792,'Male'
1793,'Female'
1794,'Female'
1795,'Male'
1796,'Female'
1797,'Male'
1798,'Female'
1799,'Female'
1800,'Male'
1801,'Male'
1802,'Female'
1803,'Female'
1804,'Male'
1805,'Male'
1806,'Female'
1807,'Male'
1808,'Male'
1809,'Male'
1810,'Male'
1811,'Male'
1812,'Female'
1813,'Male'
1814,'Female'
1815,'Female'
1816,'Male'
1817,'Male'
1818,'Male'
1819,'Female'
1820,'Female'
1821,'Female'
1822,'Female'
1823,'Male'
1824,'Female'
1825,'Male'
1826,'Male'
1827,'Male'
1828,'Male'
1829,'Female'
1830,'Male'
1831,'Male'
1832,'Female'
1833,'Female'
1834,'Male'
1835,'Male'
1836,'Female'
1837,'Female'
1838,'Female'
1839,'Male'
1840,'Male'
1841,'Female'
1842,'Female'
1843,'Female'
1844,'Male'
1845,'Female'
1846,'Female'
1847,'Male'
1848,'Female'
1849,'Male'
1850,'Female'
1851,'Female'
1852,'Female'
1853,'Female'
1854,'Male'
1855,'Female'
1856,'Female'
1857,'Female'
1858,'Female'
1859,'Male'
1860,'Female'
1861,'Female'
1862,'Male'
1863,'Male'
1864,'Male'
1865,'Female'
1866,'Female'
1867,'Female'
1868,'Female'
1869,'Male'
1870,'Male'
1871,'Male'
1872,'Female'
1873,'Female'
1874,'Male'
1875,'Female'
1876,'Female'
1877,'Female'
1878,'Male'
1879,'Male'
1880,'Female'
1881,'Male'
1882,'Male'
1883,'Male'
1884,'Male'
1885,'Male'
1886,'Female'
1887,'Male'
1888,'Female'
1889,'Male'
1890,'Female'
1891,'Female'
1892,'Male'
1893,'Male'
1894,'Female'
1895,'Female'
1896,'Female'
1897,'Male'
1898,'Male'
1899,'Male'
1900,'Male'
1901,'Male'
1902,'Female'
1903,'Female'
1904,'Male'
1905,'Male'
1906,'Female'
1907,'Male'
1908,'Male'
1909,'Female'
1910,'Female'
1911,'Female'
1912,'Male'
1913,'Female'
1914,'Female'
1915,'Female'
1916,'Male'
1917,'Male'
1918,'Male'
1919,'Male'
1920,'Male'
1921,'Male'
1922,'Male'
1923,'Male'
1924,'Female'
1925,'Female'
1926,'Male'
1927,'Female'
1928,'Female'
1929,'Female'
1930,'Male'
1931,'Male'
1932,'Male'
1933,'Male'
1934,'Female'
1935,'Female'
1936,'Female'
1937,'Female'
1938,'Female'
1939,'Male'
1940,'Male'
1941,'Male'
1942,'Female'
1943,'Female'
1944,'Male'
1945,'Male'
1946,'Female'
1947,'Male'
1948,'Male'
1949,'Female'
1950,'Male'
1951,'Female'
1952,'Female'
1953,'Male'
1954,'Male'
1955,'Male'
1956,'Male'
1957,'Male'
1958,'Female'
1959,'Male'
1960,'Female'
1961,'Male'
1962,'Male'
1963,'Male'
1964,'Male'
1965,'Female'
1966,'Female'
1967,'Male'
1968,'Female'
1969,'Male'
1970,'Male'
1971,'Female'
1972,'Female'
1973,'Male'
1974,'Female'
1975,'Female'
1976,'Male'
1977,'Male'
1978,'Female'
1979,'Male'
1980,'Male'
1981,'Female'
1982,'Male'
1983,'Female'
1984,'Male'
1985,'Male'
1986,'Female'
1987,'Male'
1988,'Male'
1989,'Female'
1990,'Male'
1991,'Female'
1992,'Female'
1993,'Female'
1994,'Female'
1995,'Male'
1996,'Female'
1997,'Female'
1998,'Male'
1999,'Female'
2000,'Male'
